"","miRNA","Estimate","Std. Error","t/z value","P value","variable","FDR","model","Presence","Exponentiated_Estimate"
"109","MIR_19A_3P",1.27753271997882,0.336859739593044,3.79247671901127,0.000151194819590663,"BMD",0.0387676294433346,"linear",">10%",1.27753271997882
"243","MIR_625_3P",1.36702755114987,0.374743593497358,3.64790105787228,0.000267362961678169,"BMD",0.0387676294433346,"linear",">10%",1.36702755114987
"128","MIR_222_3P",1.2802919995964,0.390375744686584,3.27964023641962,0.00104708959736711,"BMD",0.101218661078821,"linear",">10%",1.2802919995964
"101","MIR_192_5P",1.22582447007992,0.393729219525433,3.11336931396005,0.00186086953615088,"BMD",0.111661336012067,"linear",">10%",1.22582447007992
"52","MIR_132_3P",1.02199308945403,0.32931303400875,3.103409169729,0.00192519544848392,"BMD",0.111661336012067,"linear",">10%",1.02199308945403
"92","MIR_186_5P_A1",1.18511138701465,0.403618266650404,2.93621841461685,0.00333922812984274,"BMD",0.126359667917463,"linear",">10%",1.18511138701465
"94","MIR_18A_3P",0.553081633344755,0.188408586606435,2.93554366765716,0.00334644393754328,"BMD",0.126359667917463,"linear",">10%",0.553081633344755
"93","MIR_186_5P_A2",1.10805415265139,0.381381319611202,2.90537080783346,0.00368593170288472,"BMD",0.126359667917463,"linear",">10%",1.10805415265139
"80","MIR_15B_5P",0.891084804538926,0.312353851177871,2.85280556387792,0.00435360658286853,"BMD",0.126359667917463,"linear",">10%",0.891084804538926
"82","MIR_16_5P",1.29683818844044,0.45558065224362,2.84656115674324,0.00443917787593567,"BMD",0.126359667917463,"linear",">10%",1.29683818844044
"63","MIR_142_5P",0.752762497712112,0.266716083373618,2.82233635178887,0.0047929529210072,"BMD",0.126359667917463,"linear",">10%",0.752762497712112
"111","MIR_19B_3P",0.809249988371937,0.289945730753724,2.79103950338659,0.00527560317718377,"BMD",0.127493743448608,"linear",">10%",0.809249988371937
"27","MIR_125A_5P",0.87105242965943,0.316833408770465,2.74924425754128,0.0059967650270417,"BMD",0.131212612315675,"linear",">10%",0.87105242965943
"268","MIR_886_5P",0.652603163394575,0.240830090818895,2.70980740477873,0.0067576973999727,"BMD",0.131212612315675,"linear",">10%",0.652603163394575
"206","MIR_454_3P",1.22536053819459,0.453139228153774,2.70415903559504,0.00687496116664575,"BMD",0.131212612315675,"linear",">10%",1.22536053819459
"281","RNU44_A1",1.42604296020423,0.530700900803434,2.68709353619964,0.00723931654155448,"BMD",0.131212612315675,"linear",">10%",1.42604296020423
"125","MIR_22_3P",0.917571270263599,0.348016245172622,2.63657597307984,0.00840571352319298,"BMD",0.143391583630939,"linear",">10%",0.917571270263599
"188","MIR_374A_5P",0.988458179489887,0.381130830188111,2.59348785560597,0.00953121534076975,"BMD",0.153558469379068,"linear",">10%",0.988458179489887
"232","MIR_576_3P",0.672355997907917,0.263140271994044,2.55512389955702,0.0106487772584276,"BMD",0.160805391605656,"linear",">10%",0.672355997907917
"201","MIR_425_3P",0.759327656104782,0.298841508438842,2.54090424075134,0.0110900270072866,"BMD",0.160805391605656,"linear",">10%",0.759327656104782
"42","MIR_1285_3P",0.631215201237352,0.250340358039681,2.52142805171389,0.0117246116299353,"BMD",0.161911303461012,"linear",">10%",0.631215201237352
"87","MIR_182_5P",1.00220557962504,0.40196898699179,2.49324105107021,0.0126971777780557,"BMD",0.166264426923714,"linear",">10%",1.00220557962504
"60","MIR_140_3P",0.815322897945241,0.332202726644688,2.45429321480941,0.0141527569841838,"BMD",0.166264426923714,"linear",">10%",0.815322897945241
"220","MIR_502_3P",0.59454499352427,0.245979264315552,2.41705330397917,0.0156867000374748,"BMD",0.166264426923714,"linear",">10%",0.59454499352427
"34","MIR_1271_5P_B1",0.607360917448425,0.251438432915014,2.41554527049455,0.0157517668860915,"BMD",0.166264426923714,"linear",">10%",0.607360917448425
"25","MIR_1254",0.44887331736196,0.186216929824825,2.41048608085321,0.0159711545587611,"BMD",0.166264426923714,"linear",">10%",0.44887331736196
"246","MIR_629_3P",0.680776995250579,0.283695930520145,2.39967134531116,0.0164508588977521,"BMD",0.166264426923714,"linear",">10%",0.680776995250579
"117","MIR_20B_3P",0.533676549869475,0.223334074265558,2.38958856423718,0.0169196824409243,"BMD",0.166264426923714,"linear",">10%",0.533676549869475
"175","MIR_33A_3P",0.957623054946722,0.403533739779502,2.37309290536644,0.0179176911712654,"BMD",0.166264426923714,"linear",">10%",0.957623054946722
"90","MIR_184",0.94875761315796,0.402811778510906,2.35533731576886,0.0185485780155004,"BMD",0.166264426923714,"linear",">10%",0.94875761315796
"289","U6_SNRNA_A1",0.943808102450196,0.401146704349021,2.35277541163352,0.0186769650173101,"BMD",0.166264426923714,"linear",">10%",0.943808102450196
"68","MIR_146B_5P",0.69199157892643,0.295242243964901,2.34380950921338,0.0191302519515277,"BMD",0.166264426923714,"linear",">10%",0.69199157892643
"119","MIR_210",0.825812742861329,0.352894370330078,2.34011311115252,0.0193217763351537,"BMD",0.166264426923714,"linear",">10%",0.825812742861329
"9","LET_7G_5P",0.721677542155484,0.312137919294588,2.31204700725381,0.0208190331993367,"BMD",0.166264426923714,"linear",">10%",0.721677542155484
"138","MIR_26A_5P",0.899021957319627,0.389246340062258,2.30964781114148,0.0209526610054867,"BMD",0.166264426923714,"linear",">10%",0.899021957319627
"257","MIR_7_1_3P",0.912897919511007,0.396440918374532,2.30273384305038,0.0213396276047474,"BMD",0.166264426923714,"linear",">10%",0.912897919511007
"218","MIR_500A_5P",0.572313634077017,0.249115287567025,2.2973846353088,0.0216430346947979,"BMD",0.166264426923714,"linear",">10%",0.572313634077017
"118","MIR_20B_5P",0.726110743372895,0.317604722764784,2.28620889844465,0.0222876114895579,"BMD",0.166264426923714,"linear",">10%",0.726110743372895
"151","MIR_29C_3P",0.911208516955454,0.398781610456479,2.28498128565259,0.0223596987931892,"BMD",0.166264426923714,"linear",">10%",0.911208516955454
"89","MIR_183_5P",-1.16396125758362,0.511424297677284,-2.27592091902934,0.0230615159014439,"BMD",0.167195990285468,"linear",">10%",-1.16396125758362
"147","MIR_296_5P",0.715537592092964,0.316107620541844,2.26358855527258,0.0236485135867111,"BMD",0.167269974149908,"linear",">10%",0.715537592092964
"178","MIR_342_3P",0.587073700635458,0.261389402236036,2.24597361489556,0.0247527160433203,"BMD",0.168931636929317,"linear",">10%",0.587073700635458
"66","MIR_146A_5P",0.915683897261357,0.408533008319501,2.24139513482159,0.025048484096416,"BMD",0.168931636929317,"linear",">10%",0.915683897261357
"106","MIR_197_3P",0.576254427858826,0.25883161804336,2.22636798477337,0.0260375842958653,"BMD",0.170445408764437,"linear",">10%",0.576254427858826
"26","MIR_1255B_5P",0.506013233379958,0.22791277435049,2.22020566781307,0.0264551610290398,"BMD",0.170445408764437,"linear",">10%",0.506013233379958
"62","MIR_142_3P",0.765619057557224,0.346164163614063,2.21172246590727,0.0270361682867728,"BMD",0.170445408764437,"linear",">10%",0.765619057557224
"290","U6_SNRNA_B",0.687508170819355,0.313379363326104,2.19385272700274,0.0282977313562699,"BMD",0.174603023262091,"linear",">10%",0.687508170819355
"245","MIR_628_3P",0.449802332980844,0.206060785330127,2.18286236393898,0.0290976075559437,"BMD",0.175798045650493,"linear",">10%",0.449802332980844
"84","MIR_17_5P",0.79669361898449,0.370488473207428,2.15038706086394,0.0315777952828671,"BMD",0.186888992490438,"linear",">10%",0.79669361898449
"12","MIR_106A_5P",0.771325113115762,0.365697193804781,2.10919068065782,0.034982906629083,"BMD",0.198609856948933,"linear",">10%",0.771325113115762
"173","MIR_339_3P",0.554741589377647,0.263979860692488,2.1014542091295,0.0356559064636523,"BMD",0.198609856948933,"linear",">10%",0.554741589377647
"31","MIR_1260A",0.58512610349332,0.278622727985236,2.10006594840434,0.0357787539591367,"BMD",0.198609856948933,"linear",">10%",0.58512610349332
"7","LET_7E_5P",0.744771077616925,0.359795141550049,2.06998647732803,0.0385112902310187,"BMD",0.198609856948933,"linear",">10%",0.744771077616925
"13","MIR_106B_3P",0.789115371452471,0.382909856869865,2.06083849056061,0.039377013703168,"BMD",0.198609856948933,"linear",">10%",0.789115371452471
"11","MIR_103A_3P",0.69109754605683,0.335671333248974,2.05885185180299,0.039566967528808,"BMD",0.198609856948933,"linear",">10%",0.69109754605683
"152","MIR_29C_5P",0.480574531844597,0.23377385631312,2.05572402074298,0.0398679905026608,"BMD",0.198609856948933,"linear",">10%",0.480574531844597
"180","MIR_345_5P",0.50246240868875,0.244566533416216,2.05450190453341,0.0399846492533895,"BMD",0.198609856948933,"linear",">10%",0.50246240868875
"244","MIR_625_5P",0.484885457572806,0.236100454057552,2.05372522263176,0.0400615473415548,"BMD",0.198609856948933,"linear",">10%",0.484885457572806
"228","MIR_542_3P",2.34753278325526,1.14582530286039,2.04877024219571,0.0408344419033826,"BMD",0.198609856948933,"linear",">10%",2.34753278325526
"234","MIR_589_3P",0.609220815736509,0.298168644117285,2.04320886101247,0.0410916945411585,"BMD",0.198609856948933,"linear",">10%",0.609220815736509
"226","MIR_532_5P",0.532955812897795,0.262239742398317,2.03232282042241,0.0421810503393041,"BMD",0.200532862268823,"linear",">10%",0.532955812897795
"267","MIR_886_3P",0.723550144808161,0.358620136271356,2.01759486327526,0.0436990621715177,"BMD",0.204398839189357,"linear",">10%",0.723550144808161
"210","MIR_484",0.200056307610659,0.0997322975297936,2.00593300832055,0.0449215272765257,"BMD",0.206781633495118,"linear",">10%",0.200056307610659
"194","MIR_382_5P",-0.652425675789312,0.331963494167984,-1.96535368271297,0.0494455868829277,"BMD",0.224050315563266,"linear",">10%",-0.652425675789312
"284","RNU44_B2",0.617774664563617,0.317555243772705,1.94540848144772,0.0517969763903123,"BMD",0.231094202356778,"linear",">10%",0.617774664563617
"237","MIR_598",0.452625753107946,0.234865211606655,1.92717239820935,0.0540273004501167,"BMD",0.237392683795967,"linear",">10%",0.452625753107946
"297","MIR_145_3P",0.95704595868052,0.497862541958481,1.92230962971368,0.054566809020533,"BMD",0.0902112568484618,"logistic","5-10%",2.60399279821621
"129","MIR_223_3P",0.231154498093815,0.121893665875719,1.89636185303917,0.0579751116666497,"BMD",0.248642792462896,"linear",">10%",0.231154498093815
"148","MIR_29A_3P",0.700975700069539,0.370116717575244,1.89393147291984,0.0583024478878515,"BMD",0.248642792462896,"linear",">10%",0.700975700069539
"202","MIR_431_5P",0.757793810485708,0.402001325179391,1.8850530160505,0.0595915171720899,"BMD",0.250164321306335,"linear",">10%",0.757793810485708
"136","MIR_25_5P",0.452131287730166,0.240693222562244,1.8784545859543,0.060384491349805,"BMD",0.250164321306335,"linear",">10%",0.452131287730166
"10","MIR_100_5P",0.948551766837818,0.516002532858616,1.83826959449775,0.0661240318792658,"BMD",0.265220838297045,"linear",">10%",0.948551766837818
"224","MIR_505_5P",0.361297621716162,0.197372439448319,1.83053734719008,0.0672365005964835,"BMD",0.265220838297045,"linear",">10%",0.361297621716162
"112","MIR_200C_3P",0.535764215228079,0.29388136561324,1.82306290196421,0.068375513207994,"BMD",0.265220838297045,"linear",">10%",0.535764215228079
"98","MIR_191_3P",0.459084691484332,0.252113366648668,1.82094546428428,0.0686986289170112,"BMD",0.265220838297045,"linear",">10%",0.459084691484332
"184","MIR_363_5P",0.355672370614475,0.196037705365938,1.81430592625307,0.0697072080651424,"BMD",0.265220838297045,"linear",">10%",0.355672370614475
"145","MIR_28_3P",0.687490569208477,0.380895664770605,1.80493146232714,0.0711564084953895,"BMD",0.265220838297045,"linear",">10%",0.687490569208477
"213","MIR_487B",-0.730203365406727,0.404367379610861,-1.8057919659826,0.0711818938174571,"BMD",0.265220838297045,"linear",">10%",-0.730203365406727
"88","MIR_183_3P",0.538494685745945,0.298620387698443,1.80327502049102,0.0714116754534095,"BMD",0.265220838297045,"linear",">10%",0.538494685745945
"24","MIR_1248",-0.464819630693975,0.258481055932015,-1.79827349055797,0.0722498145705744,"BMD",0.265220838297045,"linear",">10%",-0.464819630693975
"133","MIR_24_2_5P",0.616028861316192,0.350571822755705,1.75721156501922,0.078986613997621,"BMD",0.286326475741376,"linear",">10%",0.616028861316192
"37","MIR_1274B",0.577887409960443,0.331170887217905,1.74498252190931,0.0811877644890841,"BMD",0.290672243232523,"linear",">10%",0.577887409960443
"61","MIR_140_5P",0.701070986372333,0.403897833505758,1.73576317626457,0.0827452229206614,"BMD",0.29263554447551,"linear",">10%",0.701070986372333
"193","MIR_378A_5P",0.465218525920128,0.274100570883729,1.69725485948539,0.0897171333025468,"BMD",0.308054605172629,"linear",">10%",0.465218525920128
"95","MIR_18A_5P_A1",0.565969363024168,0.334700520869925,1.69097245965781,0.0909118695653109,"BMD",0.308054605172629,"linear",">10%",0.565969363024168
"298","LET_7I_3P",-0.751018665305743,0.444869247714372,-1.68817842358017,0.09137698373994,"BMD",0.147498280840061,"logistic","5-10%",0.471885614321373
"85","MIR_181A_2_3P",0.312934330352545,0.185598667465259,1.68608069565543,0.09184970378551,"BMD",0.308054605172629,"linear",">10%",0.312934330352545
"273","MIR_93_3P",0.444977213348684,0.264347710231,1.68330269613397,0.0923842027052808,"BMD",0.308054605172629,"linear",">10%",0.444977213348684
"19","MIR_1180",0.30696620094527,0.183071891486174,1.67675222260132,0.0936608203959738,"BMD",0.308054605172629,"linear",">10%",0.30696620094527
"191","MIR_376A_3P",0.600144246605827,0.359608775899572,1.66888098073955,0.0952128324455397,"BMD",0.308054605172629,"linear",">10%",0.600144246605827
"217","MIR_500A_3P",0.337492016719971,0.202444289264124,1.66708588296928,0.0955757703956512,"BMD",0.308054605172629,"linear",">10%",0.337492016719971
"183","MIR_363_3P",0.494243220473866,0.296503438195143,1.66690552892874,0.0956031533294366,"BMD",0.308054605172629,"linear",">10%",0.494243220473866
"110","MIR_19B_1_5P",0.402452132615993,0.244784335627067,1.64410901369577,0.100249403679186,"BMD",0.316504900961319,"linear",">10%",0.402452132615993
"105","MIR_196B_5P",0.41013137494768,0.249578565993654,1.64329566248933,0.100408451339453,"BMD",0.316504900961319,"linear",">10%",0.41013137494768
"161","MIR_31_5P",0.480862152094931,0.294786372600055,1.63122246070489,0.102916246071681,"BMD",0.320921627535349,"linear",">10%",0.480862152094931
"91","MIR_185_5P",0.577312104229127,0.35680516293284,1.61800378526976,0.105730223372694,"BMD",0.323134796317572,"linear",">10%",0.577312104229127
"157","MIR_30B_5P",0.295238154843034,0.182960861330429,1.61366836981507,0.106668238452558,"BMD",0.323134796317572,"linear",">10%",0.295238154843034
"262","MIR_744_5P",0.382323655879812,0.237130553284155,1.61229183917802,0.1069687601603,"BMD",0.323134796317572,"linear",">10%",0.382323655879812
"254","MIR_664_3P",0.532812184728341,0.335911373508929,1.58616893248534,0.112770269272838,"BMD",0.337148227722917,"linear",">10%",0.532812184728341
"122","MIR_216B",0.684507579380378,0.435891373458517,1.57036275792579,0.116810004117054,"BMD",0.341344864773194,"linear",">10%",0.684507579380378
"78","MIR_15A_3P",0.468174220689919,0.298666163207456,1.56755025631987,0.117124592089527,"BMD",0.341344864773194,"linear",">10%",0.468174220689919
"169","MIR_330_3P",0.384037451875785,0.247055027536533,1.55446118909277,0.120151913014943,"BMD",0.341344864773194,"linear",">10%",0.384037451875785
"241","MIR_616_5P",0.370841698438475,0.238660777668001,1.55384433949323,0.120295092405751,"BMD",0.341344864773194,"linear",">10%",0.370841698438475
"296","MIR_218_2_3P",-0.755718524293372,0.486462176042836,-1.55349904167437,0.120303958033005,"BMD",0.189710087667432,"logistic","5-10%",0.46967302198453
"103","MIR_193B_3P",0.503844299963271,0.325017631751741,1.55020605266155,0.121162108453567,"BMD",0.341344864773194,"linear",">10%",0.503844299963271
"132","MIR_23A_5P",-1.44566511925278,0.932412607404188,-1.55045642644995,0.121236279557376,"BMD",0.341344864773194,"linear",">10%",-1.44566511925278
"291","MIR_149_5P",0.761068848938347,0.495038626851776,1.53739285715623,0.124197134482491,"BMD",0.194354294419165,"logistic","5-10%",2.14056293662434
"21","MIR_1227",0.756062399781395,0.497415450106792,1.51998173683401,0.128643400714745,"BMD",0.358717175069962,"linear",">10%",0.756062399781395
"253","MIR_660_5P",0.39913510588225,0.26442496813101,1.5094456045637,0.131254411849106,"BMD",0.362512185107056,"linear",">10%",0.39913510588225
"72","MIR_150_5P",0.224914274775848,0.153070806743118,1.46934794139614,0.14180642498538,"BMD",0.38654775921211,"linear",">10%",0.224914274775848
"248","MIR_635",-0.83038965218841,0.565951004357999,-1.46724653864761,0.142622793916192,"BMD",0.38654775921211,"linear",">10%",-0.83038965218841
"260","MIR_720",0.25418896222612,0.174306721678275,1.45828548537151,0.144829829279403,"BMD",0.388894911953952,"linear",">10%",0.25418896222612
"189","MIR_374B_5P",0.572944247858987,0.395150421632817,1.44993960905192,0.147147057866774,"BMD",0.389064497490415,"linear",">10%",0.572944247858987
"207","MIR_454_5P",0.359743001824126,0.24837328737349,1.44839650683998,0.147576188703261,"BMD",0.389064497490415,"linear",">10%",0.359743001824126
"70","MIR_148B_3P",-0.664153217102892,0.461944477271848,-1.43773386149186,0.150696592874316,"BMD",0.391060719505706,"linear",">10%",-0.664153217102892
"65","MIR_145_5P",0.534827746669501,0.3731380554342,1.43332404422581,0.15183342257968,"BMD",0.391060719505706,"linear",">10%",0.534827746669501
"143","MIR_27B_3P",0.359342926518268,0.251064831513569,1.43127543731209,0.152420502423588,"BMD",0.391060719505706,"linear",">10%",0.359342926518268
"149","MIR_29A_5P",0.414439872974671,0.290428515594729,1.42699442623943,0.153727317322933,"BMD",0.391060719505706,"linear",">10%",0.414439872974671
"29","MIR_126_3P",0.461914642963793,0.326460521826905,1.41491730877251,0.157159803885387,"BMD",0.393151045640555,"linear",">10%",0.461914642963793
"179","MIR_342_5P",-0.680455472164418,0.480770543512443,-1.41534351749819,0.157260418256222,"BMD",0.393151045640555,"linear",">10%",-0.680455472164418
"102","MIR_193A_5P",0.316069287207171,0.224896648757303,1.40539794147069,0.159972505611927,"BMD",0.393499750460123,"linear",">10%",0.316069287207171
"190","MIR_375",0.31038157221727,0.221086631555561,1.403891180726,0.160423421803958,"BMD",0.393499750460123,"linear",">10%",0.31038157221727
"276","MIR_941",0.409569087084405,0.292454123324057,1.40045584732816,0.161470587257775,"BMD",0.393499750460123,"linear",">10%",0.409569087084405
"17","MIR_1178",0.59355861225227,0.427994472249024,1.38683709893083,0.165723129402013,"BMD",0.396132548053288,"linear",">10%",0.59355861225227
"271","MIR_92A_1_5P",-0.502819625669518,0.36322165785638,-1.38433272023756,0.166720950343005,"BMD",0.396132548053288,"linear",">10%",-0.502819625669518
"282","RNU44_A2",0.611492284880772,0.443085018650265,1.3800788994029,0.167638905705618,"BMD",0.396132548053288,"linear",">10%",0.611492284880772
"108","MIR_199A_5P",-0.645738736670182,0.468402986434978,-1.3785965405236,0.168284980361255,"BMD",0.396132548053288,"linear",">10%",-0.645738736670182
"2","HSA_MIR_128A",0.371228821721465,0.270077580243003,1.37452661338069,0.169380813650371,"BMD",0.396132548053288,"linear",">10%",0.371228821721465
"219","MIR_501_3P",1.29877775595368,0.951861420291279,1.36446096907283,0.172995103223751,"BMD",0.401220985085254,"linear",">10%",1.29877775595368
"79","MIR_15B_3P",0.477133768961243,0.351179201611285,1.35866180790905,0.174323600416352,"BMD",0.401220985085254,"linear",">10%",0.477133768961243
"123","MIR_218_5P",0.501724689062392,0.371293957307448,1.3512869767685,0.176671180274238,"BMD",0.402691349281644,"linear",">10%",0.501724689062392
"247","MIR_629_5P",0.282975630541693,0.209926881567003,1.34797234365326,0.17773963002776,"BMD",0.402691349281644,"linear",">10%",0.282975630541693
"64","MIR_144_5P",0.589867824991665,0.439102766071616,1.34334800545406,0.179228435960499,"BMD",0.402916638980966,"linear",">10%",0.589867824991665
"274","MIR_93_5P",0.438214777167572,0.328552226457596,1.33377509533976,0.182343940977732,"BMD",0.405698340304199,"linear",">10%",0.438214777167572
"269","MIR_9_3P",0.45365089067195,0.341241347458211,1.32941360726371,0.183877249016991,"BMD",0.405698340304199,"linear",">10%",0.45365089067195
"96","MIR_18A_5P_A2",0.433959171899973,0.327125940403261,1.32658135079418,0.184715479872899,"BMD",0.405698340304199,"linear",">10%",0.433959171899973
"51","MIR_130B_5P",0.274664251456296,0.208019226647087,1.32037915861631,0.186775834502839,"BMD",0.405698340304199,"linear",">10%",0.274664251456296
"255","MIR_668",-0.431393463755441,0.327222398332997,-1.31834943436981,0.187460612416423,"BMD",0.405698340304199,"linear",">10%",-0.431393463755441
"265","MIR_769_5P",0.270708203669094,0.208530043053429,1.29817363342573,0.194294907564643,"BMD",0.417374245879604,"linear",">10%",0.270708203669094
"261","MIR_744_3P",0.276525733302665,0.215902606597449,1.28078923020252,0.200333904579145,"BMD",0.427182590646707,"linear",">10%",0.276525733302665
"99","MIR_191_5P",0.174234465252289,0.136675086545943,1.27480779164329,0.202441585576366,"BMD",0.428267334479954,"linear",">10%",0.174234465252289
"177","MIR_340_5P",0.519770493766763,0.408783797585169,1.271504636038,0.203796179855978,"BMD",0.428267334479954,"linear",">10%",0.519770493766763
"150","MIR_29B_2_5P",0.263056903830968,0.208263224168038,1.26309820123941,0.206621665057296,"BMD",0.429391308799401,"linear",">10%",0.263056903830968
"163","MIR_320B",-0.209652314348123,0.166229466847165,-1.26122232312086,0.207292355972125,"BMD",0.429391308799401,"linear",">10%",-0.209652314348123
"272","MIR_92A_3P",0.152490992579828,0.121824187665867,1.25173001767163,0.210731505617022,"BMD",0.433009428940933,"linear",">10%",0.152490992579828
"73","MIR_151A_3P",0.309936155477936,0.248307788909654,1.24819344910161,0.212025306584871,"BMD",0.433009428940933,"linear",">10%",0.309936155477936
"77","MIR_155_5P",0.515686760885262,0.417878424653,1.23405931118239,0.217271003661418,"BMD",0.439477974868308,"linear",">10%",0.515686760885262
"57","MIR_138_5P",0.321746181377919,0.261268118371652,1.23147892434483,0.218223546141505,"BMD",0.439477974868308,"linear",">10%",0.321746181377919
"155","MIR_30A_3P",-0.769461275158125,0.628056016261791,-1.2251475270279,0.220915332652569,"BMD",0.440383685519076,"linear",">10%",-0.769461275158125
"141","MIR_27A_3P",0.358517717299543,0.293346327181132,1.22216535228058,0.221710407192363,"BMD",0.440383685519076,"linear",">10%",0.358517717299543
"181","MIR_361_5P",-0.405932966434859,0.333659217241778,-1.21660947894843,0.223856786603465,"BMD",0.441622232074862,"linear",">10%",-0.405932966434859
"200","MIR_424_3P",0.236309716005803,0.195685335848862,1.20760053368699,0.227265669905233,"BMD",0.444835459204219,"linear",">10%",0.236309716005803
"75","MIR_152",0.346478173135034,0.287710183366334,1.20426106952868,0.228553391108375,"BMD",0.444835459204219,"linear",">10%",0.346478173135034
"35","MIR_1271_5P_B2",0.289305874192754,0.243174639597512,1.1897041347387,0.23422601367892,"BMD",0.452836959779246,"linear",">10%",0.289305874192754
"225","MIR_532_3P",0.336650850532252,0.284576099162403,1.18299060083796,0.236875688835304,"BMD",0.454926819617472,"linear",">10%",0.336650850532252
"140","MIR_26B_5P",0.54655792905671,0.466909645258422,1.17058607507284,0.241832442831413,"BMD",0.461390844875722,"linear",">10%",0.54655792905671
"5","LET_7C",-0.346099011106443,0.299085947533097,-1.15718914232218,0.247260962899534,"BMD",0.468664570201731,"linear",">10%",-0.346099011106443
"288","RNU48_B2",-0.14773269984448,0.128937213421897,-1.14577239513532,0.251954977719832,"BMD",0.474460672329553,"linear",">10%",-0.14773269984448
"283","RNU44_B1",0.41882920624032,0.368919854117083,1.13528508039418,0.256319020119201,"BMD",0.479564618287537,"linear",">10%",0.41882920624032
"214","MIR_491_5P",-0.692557034798852,0.621761413510444,-1.11386300235117,0.26553405762212,"BMD",0.493621004553941,"linear",">10%",-0.692557034798852
"130","MIR_223_5P",0.275801956493213,0.250663953932931,1.10028566998113,0.271268909405801,"BMD",0.501069960048932,"linear",">10%",0.275801956493213
"215","MIR_494",0.371667709838072,0.346256764342019,1.07338757856281,0.283193641157372,"BMD",0.518812904390817,"linear",">10%",0.371667709838072
"104","MIR_195_5P",1.07688057497496,1.00915002655852,1.06711643128765,0.286410655780665,"BMD",0.518812904390817,"linear",">10%",1.07688057497496
"36","MIR_1274A",0.563907622753644,0.530518597319311,1.0629365786667,0.287972630442586,"BMD",0.518812904390817,"linear",">10%",0.563907622753644
"116","MIR_20A_5P",0.375211101556109,0.353113944236914,1.06257797994058,0.288030612437661,"BMD",0.518812904390817,"linear",">10%",0.375211101556109
"86","MIR_181A_5P",0.309474028336175,0.29788453384651,1.03890599602474,0.298906884419443,"BMD",0.533775118266097,"linear",">10%",0.309474028336175
"30","MIR_126_5P",0.538137178386234,0.519158534602349,1.03655654779599,0.300018428542668,"BMD",0.533775118266097,"linear",">10%",0.538137178386234
"126","MIR_22_5P",0.184406564882511,0.180804178976337,1.01992424028344,0.307820074562981,"BMD",0.540984468283541,"linear",">10%",0.184406564882511
"287","RNU48_B1",-0.114359801977874,0.113283409187381,-1.00950176904292,0.312787035314287,"BMD",0.540984468283541,"linear",">10%",-0.114359801977874
"153","MIR_301A_3P",0.349102453993408,0.346033083968165,1.00887016348276,0.313117277208695,"BMD",0.540984468283541,"linear",">10%",0.349102453993408
"171","MIR_331_5P",-0.377136574856947,0.374645432202548,-1.00664933411774,0.314506418772979,"BMD",0.540984468283541,"linear",">10%",-0.377136574856947
"3","LET_7A_5P",0.774535032158207,0.770117519865118,1.00573615348195,0.314625783516866,"BMD",0.540984468283541,"linear",">10%",0.774535032158207
"43","MIR_129_1_3P",0.255876605564232,0.254750615738005,1.00441996900759,0.315263362551443,"BMD",0.540984468283541,"linear",">10%",0.255876605564232
"317","MIR_1291_B4",-0.588754463908685,0.587680244109794,-1.00182789843568,0.31642672052046,"BMD",0.466672501487009,"logistic","5-10%",0.55501814953325
"164","MIR_323A_3P",-0.310567418395343,0.313679840698711,-0.990077710137715,0.322301093942757,"BMD",0.546438153284049,"linear",">10%",-0.310567418395343
"97","MIR_190A",0.523744393865076,0.530379071812279,0.987490686756301,0.323557267607935,"BMD",0.546438153284049,"linear",">10%",0.523744393865076
"81","MIR_16_1_3P",0.298677262743719,0.302853959891188,0.986208873910811,0.324094352982263,"BMD",0.546438153284049,"linear",">10%",0.298677262743719
"28","MIR_125B_5P",0.308469116704423,0.316196868262849,0.975560315948472,0.329333887272421,"BMD",0.549753121023348,"linear",">10%",0.308469116704423
"50","MIR_130B_3P",0.327421529034011,0.335980967472251,0.974524037767268,0.329851872614009,"BMD",0.549753121023348,"linear",">10%",0.327421529034011
"182","MIR_362_5P",0.322024589950304,0.335607478158674,0.959527456649971,0.337369728723612,"BMD",0.557849949174806,"linear",">10%",0.322024589950304
"53","MIR_133A",0.337512749090223,0.35263318529273,0.957121346392979,0.338557210533675,"BMD",0.557849949174806,"linear",">10%",0.337512749090223
"211","MIR_485_3P",-0.594665820612317,0.627168899142039,-0.948174919747797,0.343371886558119,"BMD",0.562586706790138,"linear",">10%",-0.594665820612317
"59","MIR_139_5P",0.261262710424797,0.276967958368603,0.943295794804881,0.345579089786792,"BMD",0.563022112573987,"linear",">10%",0.261262710424797
"186","MIR_370",0.307848318933315,0.335650313729826,0.917169763711619,0.359108941341312,"BMD",0.579270155081726,"linear",">10%",0.307848318933315
"144","MIR_27B_5P",-0.347355594659224,0.378957049270487,-0.91660940290701,0.359546992809347,"BMD",0.579270155081726,"linear",">10%",-0.347355594659224
"15","MIR_107",0.439778527839469,0.482000828310002,0.912402016779569,0.361965789662533,"BMD",0.579945187857096,"linear",">10%",0.439778527839469
"302","RNU44_A3",-0.516822814107321,0.574743100383344,-0.899224042468033,0.368533336584591,"BMD",0.491332198714552,"logistic","5-10%",0.596412454145429
"67","MIR_146B_3P",0.208167577229437,0.232441137352174,0.895571152338839,0.37053188483555,"BMD",0.590407948364338,"linear",">10%",0.208167577229437
"316","MIR_1271_5P_B4",-0.5157308927261,0.590091146572015,-0.873985138943547,0.382126346904884,"BMD",0.494094931417618,"logistic","5-10%",0.597064045334573
"71","MIR_148B_5P",0.333571169860069,0.38425571073561,0.86809684421212,0.385388341557495,"BMD",0.608274495559949,"linear",">10%",0.333571169860069
"146","MIR_28_5P",0.236369319708466,0.272600830996101,0.867089505357551,0.385939679941485,"BMD",0.608274495559949,"linear",">10%",0.236369319708466
"165","MIR_324_3P",0.198106056752338,0.229882269811636,0.861771796992715,0.388858974733409,"BMD",0.609562717149669,"linear",">10%",0.198106056752338
"313","MIR_1291_B3",-0.501367210316815,0.58956578807816,-0.850400787249119,0.395102298606325,"BMD",0.502741911227302,"logistic","5-10%",0.605701971361928
"319","RNU48_B4",-0.479648717066436,0.566643606870379,-0.846473358652324,0.397288729847917,"BMD",0.502741911227302,"logistic","5-10%",0.619000798034568
"236","MIR_590_5P",0.609194112304733,0.737210902888972,0.826349840890078,0.408680173096656,"BMD",0.625954970713014,"linear",">10%",0.609194112304733
"172","MIR_335_5P",-0.427704874171736,0.519046658884129,-0.824020089236747,0.410048697131392,"BMD",0.625954970713014,"linear",">10%",-0.427704874171736
"74","MIR_151A_5P",0.184303078972821,0.224157208873489,0.822204558573169,0.411008743981071,"BMD",0.625954970713014,"linear",">10%",0.184303078972821
"227","MIR_539_5P",-0.490697122322471,0.597505790356847,-0.821242455289703,0.411976310287908,"BMD",0.625954970713014,"linear",">10%",-0.490697122322471
"41","MIR_1282",0.401974705039765,0.493167847020937,0.815087008344035,0.41535364759695,"BMD",0.625954970713014,"linear",">10%",0.401974705039765
"46","MIR_1296",-0.21935534120495,0.269290640622494,-0.814567267164902,0.415390483057829,"BMD",0.625954970713014,"linear",">10%",-0.21935534120495
"159","MIR_30E_3P",0.170551909846497,0.209496456887736,0.81410403011203,0.415627143153534,"BMD",0.625954970713014,"linear",">10%",0.170551909846497
"266","MIR_885_5P",-0.282967074692033,0.348286301886951,-0.812455365482275,0.41658422908661,"BMD",0.625954970713014,"linear",">10%",-0.282967074692033
"185","MIR_365A_3P",0.255853648741461,0.316377271102858,0.808697944228365,0.418742290752844,"BMD",0.625954970713014,"linear",">10%",0.255853648741461
"312","MIR_1271_5P_B3",-0.467143640238157,0.584823476736852,-0.798777167504774,0.424419632136844,"BMD",0.520994159209898,"logistic","5-10%",0.626790051673642
"56","MIR_136_3P",-2.23419862502307,2.80083673526433,-0.797689703542189,0.425463053075556,"BMD",0.631263056455623,"linear",">10%",-2.23419862502307
"49","MIR_130A_3P",0.327896947591923,0.413085050907024,0.793775874658134,0.427368396527927,"BMD",0.631263056455623,"linear",">10%",0.327896947591923
"23","MIR_1244",-0.260094258495675,0.328666250727755,-0.791362842761483,0.428823524557785,"BMD",0.631263056455623,"linear",">10%",-0.260094258495675
"139","MIR_26B_3P",0.166806827059435,0.213007130192332,0.783104428987042,0.433607249374389,"BMD",0.635081324841278,"linear",">10%",0.166806827059435
"331","MIR_550",-0.440016846464226,0.566350611841978,-0.776933647220987,0.437197918574571,"BMD",0.530328836140752,"logistic","5-10%",0.644025571438003
"142","MIR_27A_5P",0.239497645885035,0.308491971017202,0.77634968941114,0.437590343905099,"BMD",0.636236876801323,"linear",">10%",0.239497645885035
"120","MIR_212_3P",0.281078382607511,0.36333929734325,0.773597528983972,0.439217376450743,"BMD",0.636236876801323,"linear",">10%",0.281078382607511
"278","MIR_943",0.237078681565549,0.307630474014201,0.770660586618623,0.440977973231262,"BMD",0.636236876801323,"linear",">10%",0.237078681565549
"294","MIR_337_3P",0.453141250307757,0.589015578196423,0.769319636155098,0.441703583083392,"BMD",0.532642556071149,"logistic","5-10%",1.57324639235758
"222","MIR_504",-0.269860983901232,0.354901420048532,-0.76038293637802,0.447147410425502,"BMD",0.640297487297706,"linear",">10%",-0.269860983901232
"229","MIR_543",-0.217489458882592,0.286744267385681,-0.758478838532666,0.448208241108394,"BMD",0.640297487297706,"linear",">10%",-0.217489458882592
"322","MIR_1291_B5",-0.426766328680464,0.572596905503079,-0.745317211076282,0.456079978907596,"BMD",0.545805819028734,"logistic","5-10%",0.652616032061487
"137","MIR_26A_1_3P",0.177660541636915,0.239103827800712,0.743026756497565,0.457509018446117,"BMD",0.650380467398891,"linear",">10%",0.177660541636915
"315","RNU48_B3",-0.419999438700398,0.565857046172236,-0.742235943762655,0.457944394502157,"BMD",0.545805819028734,"logistic","5-10%",0.657047188615279
"275","MIR_939",-0.6998703601999,0.948622854182664,-0.737775141210265,0.460835624155148,"BMD",0.651913809780453,"linear",">10%",-0.6998703601999
"251","MIR_652_3P",0.147901674510201,0.202888296915312,0.728980807463414,0.466052140131604,"BMD",0.654013231146608,"linear",">10%",0.147901674510201
"223","MIR_505_3P",0.202178209626502,0.277819416099209,0.727732469044946,0.466830133956372,"BMD",0.654013231146608,"linear",">10%",0.202178209626502
"1","CASECONTROL",-0.0137153935452442,0.019161724381392,-0.715770317548416,0.474168915903577,"BMD",0.661100892365564,"linear",">10%",-0.0137153935452442
"323","MIR_1271_5P_B5",-0.407613437890795,0.573793298733619,-0.710383754551354,0.477466194511764,"BMD",0.54612686816694,"logistic","5-10%",0.665235984150764
"320","RNU48_B5",-0.399983185359126,0.565375758334403,-0.707464335820617,0.479277968286475,"BMD",0.54612686816694,"logistic","5-10%",0.670331317321245
"295","MIR_335_3P",0.374142660919389,0.529463183022512,0.706645283216001,0.479786940636862,"BMD",0.54612686816694,"logistic","5-10%",1.4537445281951
"301","MIR_18A_5P_A3",-0.399314475036826,0.566934734382051,-0.704339407731071,0.481221430422024,"BMD",0.54612686816694,"logistic","5-10%",0.670779724703112
"69","MIR_148A_3P",-0.400635905554035,0.572435960447622,-0.699878996492034,0.484106561848282,"BMD",0.671726808306228,"linear",">10%",-0.400635905554035
"233","MIR_581",0.197900276645172,0.286676685398876,0.690325676013094,0.490088290794457,"BMD",0.673626330433993,"linear",">10%",0.197900276645172
"310","MIR_18A_5P_A5",-0.393661384320235,0.571943955762804,-0.688286641293739,0.49127229240725,"BMD",0.54612686816694,"logistic","5-10%",0.674582441762877
"100","MIR_192_3P",0.182965208430628,0.26585439637926,0.688215846427514,0.491358963936886,"BMD",0.673626330433993,"linear",">10%",0.182965208430628
"22","MIR_1236",0.83335475426735,1.21345474771852,0.68676211934082,0.492444076041402,"BMD",0.673626330433993,"linear",">10%",0.83335475426735
"321","RNU44_B5",-0.388713003213812,0.567120621221573,-0.685415039884333,0.493082056106365,"BMD",0.54612686816694,"logistic","5-10%",0.677928805485547
"300","MIR_186_5P_A3",-0.383477909595129,0.564828529057349,-0.67892801065683,0.497183476678634,"BMD",0.54612686816694,"logistic","5-10%",0.681487132209145
"303","RNU48_A3",-0.383477909595129,0.564828529057349,-0.67892801065683,0.497183476678634,"BMD",0.54612686816694,"logistic","5-10%",0.681487132209145
"304","MIR_186_5P_A4",-0.383477909595129,0.564828529057349,-0.67892801065683,0.497183476678634,"BMD",0.54612686816694,"logistic","5-10%",0.681487132209145
"307","RNU48_A4",-0.383477909595129,0.564828529057349,-0.67892801065683,0.497183476678634,"BMD",0.54612686816694,"logistic","5-10%",0.681487132209145
"311","MIR_186_5P_A5",-0.383477909595129,0.564828529057349,-0.67892801065683,0.497183476678634,"BMD",0.54612686816694,"logistic","5-10%",0.681487132209145
"324","CVDPAIR",-0.383477909595129,0.564828529057349,-0.67892801065683,0.497183476678634,"BMD",0.54612686816694,"logistic","5-10%",0.681487132209145
"325","LET_7D_5P",-0.383477909595129,0.564828529057349,-0.67892801065683,0.497183476678634,"BMD",0.54612686816694,"logistic","5-10%",0.681487132209145
"306","RNU44_A4",-0.383948484910568,0.56682640089423,-0.677365211473649,0.49817426510838,"BMD",0.54612686816694,"logistic","5-10%",0.681166516629744
"39","MIR_1276",-1.56009913606194,2.31760512988275,-0.673151399238088,0.501234904009414,"BMD",0.682432498416573,"linear",">10%",-1.56009913606194
"250","MIR_642A_5P",-0.120442450781058,0.183835817466282,-0.655163136547905,0.512396318769477,"BMD",0.692038787258431,"linear",">10%",-0.120442450781058
"176","MIR_340_3P",0.139063352580193,0.212593712437146,0.654127306899105,0.513063238829526,"BMD",0.692038787258431,"linear",">10%",0.139063352580193
"264","MIR_766_3P",0.136244654288373,0.222016172163958,0.613669954582214,0.539463922821281,"BMD",0.724280266750794,"linear",">10%",0.136244654288373
"309","RNU44_A5",-0.344294036938193,0.565813551331194,-0.608493798227649,0.542860017964525,"BMD",0.586275759351825,"logistic","5-10%",0.708720507401297
"318","RNU44_B4",-0.346151049510173,0.569595823091685,-0.607713461856715,0.543377533057789,"BMD",0.586275759351825,"logistic","5-10%",0.707405625762763
"47","MIR_1303",0.135201144490116,0.223449201273302,0.605064344467048,0.545177386473423,"BMD",0.725400600600289,"linear",">10%",0.135201144490116
"54","MIR_134",-0.201352993142262,0.332877325279679,-0.604886478744349,0.545301141140907,"BMD",0.725400600600289,"linear",">10%",-0.201352993142262
"38","MIR_1275",0.191055591293941,0.32612597018691,0.58583372303789,0.558017272142317,"BMD",0.738727197493586,"linear",">10%",0.191055591293941
"198","MIR_422A",0.226152886504299,0.388824001323761,0.581633041515841,0.560855290274359,"BMD",0.738727197493586,"linear",">10%",0.226152886504299
"170","MIR_331_3P",0.151144473190502,0.261273638750769,0.578491094291683,0.562961071193388,"BMD",0.738727197493586,"linear",">10%",0.151144473190502
"308","RNU48_A5",-0.325617156445108,0.566409742652655,-0.574879158893264,0.565373025872303,"BMD",0.600525752869545,"logistic","5-10%",0.722081578799563
"326","MIR_30C_5P",-0.325617156445108,0.566409742652655,-0.574879158893264,0.565373025872303,"BMD",0.600525752869545,"logistic","5-10%",0.722081578799563
"327","MIR_194_5P",-0.325617156445108,0.566409742652655,-0.574879158893264,0.565373025872303,"BMD",0.600525752869545,"logistic","5-10%",0.722081578799563
"14","MIR_106B_5P",0.200283657027878,0.356941571466429,0.561110481485946,0.574749436346306,"BMD",0.750798813245175,"linear",">10%",0.200283657027878
"134","MIR_24_3P",0.157835130442789,0.287470310635736,0.549048456843208,0.582998604282815,"BMD",0.758159619919356,"linear",">10%",0.157835130442789
"121","MIR_213",-0.222313652518873,0.415010118790826,-0.535682486891178,0.592285129715818,"BMD",0.766797712578515,"linear",">10%",-0.222313652518873
"204","MIR_433",0.155816083129348,0.297127089849385,0.524408875704778,0.600042573185626,"BMD",0.769730965322619,"linear",">10%",0.155816083129348
"231","MIR_574_3P",0.147802155299956,0.283316432839982,0.521685783695558,0.601914078244262,"BMD",0.769730965322619,"linear",">10%",0.147802155299956
"162","MIR_320A",0.138747008737747,0.266398190354279,0.520825642821484,0.60251354871805,"BMD",0.769730965322619,"linear",">10%",0.138747008737747
"305","MIR_18A_5P_A4",-0.295402148395776,0.568545908134567,-0.519574838494587,0.603359939047158,"BMD",0.63430147438291,"logistic","5-10%",0.7442322354784
"277","MIR_942",0.104432529717943,0.202734453364409,0.515119793329993,0.606493972736092,"BMD",0.771417772339766,"linear",">10%",0.104432529717943
"209","MIR_483_5P",0.459189820682975,0.901258186569115,0.509498640374083,0.610453437424402,"BMD",0.773063305035269,"linear",">10%",0.459189820682975
"314","RNU44_B3",-0.32494858863376,0.643050792271698,-0.505323362538467,0.613331736400849,"BMD",0.641494928378439,"logistic","5-10%",0.722564500715351
"167","MIR_328",-0.145224555444383,0.287729534505679,-0.504725924969361,0.613775411559756,"BMD",0.773890736314475,"linear",">10%",-0.145224555444383
"158","MIR_30D_5P",0.115597299978111,0.240884364790718,0.479887103002898,0.631330321354842,"BMD",0.792579191311274,"linear",">10%",0.115597299978111
"212","MIR_486_3P",-0.195802121580992,0.413438881860251,-0.473593873657912,0.635820949162437,"BMD",0.794776186453046,"linear",">10%",-0.195802121580992
"240","MIR_616_3P",0.148745773503306,0.317866381943577,0.46795062942425,0.639850882928591,"BMD",0.796380927250177,"linear",">10%",0.148745773503306
"270","MIR_922",-0.215286580689451,0.469915380881999,-0.458139038320841,0.646966567712476,"BMD",0.80179617366076,"linear",">10%",-0.215286580689451
"293","MIR_548D_3P",0.254377309367756,0.556673522893804,0.456959598231661,0.647700085292333,"BMD",0.674002626827047,"logistic","5-10%",1.28965831264251
"252","MIR_654_5P",0.14835605828023,0.328992201770927,0.45094095690307,0.652058507247634,"BMD",0.804667945114101,"linear",">10%",0.14835605828023
"114","MIR_206",0.120010505618366,0.279485841253227,0.429397443105647,0.66765410720302,"BMD",0.820422419868118,"linear",">10%",0.120010505618366
"195","MIR_409_3P",0.109953707708304,0.262228522378256,0.419304912795488,0.675012822395747,"BMD",0.825965056939943,"linear",">10%",0.109953707708304
"238","MIR_601",0.136274322141215,0.3324907869746,0.409858941900923,0.681928461394364,"BMD",0.830921234472125,"linear",">10%",0.136274322141215
"330","MIR_378A_3P",-0.245408148970091,0.612208979020532,-0.400856827292401,0.688525537176473,"BMD",0.712867349096853,"logistic","5-10%",0.782385143375476
"230","MIR_550A_3P",0.113258773582351,0.284225320011198,0.398482350474224,0.690327242745877,"BMD",0.837635566511734,"linear",">10%",0.113258773582351
"131","MIR_224_5P",-0.164203802660372,0.434548184530354,-0.377872485735588,0.705583434304273,"BMD",0.850388902636137,"linear",">10%",-0.164203802660372
"168","MIR_329",-0.118897904268012,0.317133286123632,-0.374914616252741,0.707752711583216,"BMD",0.850388902636137,"linear",">10%",-0.118897904268012
"113","MIR_204_5P",0.250389646370485,0.672105658403398,0.372545065258477,0.709634877372225,"BMD",0.850388902636137,"linear",">10%",0.250389646370485
"127","MIR_221_3P",0.0837112459694159,0.240348567098368,0.348291013256405,0.727638095298638,"BMD",0.866543929293649,"linear",">10%",0.0837112459694159
"221","MIR_502_5P",-0.104958238460479,0.308860964240677,-0.339823579578968,0.734011416626144,"BMD",0.866543929293649,"linear",">10%",-0.104958238460479
"258","MIR_7_2_3P",0.119998274188182,0.355066187864995,0.337960296669555,0.735503760711812,"BMD",0.866543929293649,"linear",">10%",0.119998274188182
"205","MIR_451A",0.0606665879351782,0.180729763693828,0.335675688913935,0.737130686043264,"BMD",0.866543929293649,"linear",">10%",0.0606665879351782
"40","MIR_128",0.131428132260741,0.392921675879115,0.334489391471435,0.738056381157005,"BMD",0.866543929293649,"linear",">10%",0.131428132260741
"48","MIR_1304_5P",-0.373637829619196,1.16004155504774,-0.322090038924356,0.747441632477772,"BMD",0.873438193922646,"linear",">10%",-0.373637829619196
"259","MIR_7_5P",0.139973942352653,0.4391718591157,0.318722476058688,0.749952104437031,"BMD",0.873438193922646,"linear",">10%",0.139973942352653
"58","MIR_139_3P",0.219013279118802,0.705996778796622,0.310218524639888,0.756418437719043,"BMD",0.87744538775409,"linear",">10%",0.219013279118802
"279","MIR_99B_3P",-0.548503348912823,1.80461738360043,-0.303944400567888,0.761285412295969,"BMD",0.879572787114865,"linear",">10%",-0.548503348912823
"107","MIR_199A_3P",0.204991033097578,0.694131030856616,0.295320370340743,0.767788786661696,"BMD",0.881327904391824,"linear",">10%",0.204991033097578
"203","MIR_432_5P",-0.149347076624001,0.508165460883597,-0.293894583792287,0.768882620038384,"BMD",0.881327904391824,"linear",">10%",-0.149347076624001
"292","MIR_570_3P",0.169049991373486,0.597542545331606,0.282908711177498,0.777246816718219,"BMD",0.796677987136174,"logistic","5-10%",1.18417933619575
"197","MIR_411_3P",0.0714769043330412,0.253078321166181,0.282429976632043,0.777630803640596,"BMD",0.887846193132964,"linear",">10%",0.0714769043330412
"115","MIR_20A_3P",0.0926975086530123,0.340146493728112,0.272522311304811,0.78523740651377,"BMD",0.892479631449913,"linear",">10%",0.0926975086530123
"216","MIR_495",-0.150706793646042,0.559774613222553,-0.269227632132942,0.787844088452337,"BMD",0.892479631449913,"linear",">10%",-0.150706793646042
"160","MIR_31_3P",0.110299764419075,0.416886831816145,0.264579631691795,0.791403208665208,"BMD",0.893023075925721,"linear",">10%",0.110299764419075
"256","MIR_671_3P",0.0493038950294688,0.190035592517897,0.259445582673286,0.795303284158911,"BMD",0.893945551961567,"linear",">10%",0.0493038950294688
"286","RNU48_A2",-0.0299441076463195,0.12165333827243,-0.24614291783151,0.805582547664933,"BMD",0.898588945789564,"linear",">10%",-0.0299441076463195
"166","MIR_324_5P",-0.0574951978301661,0.233644147579375,-0.246080196854208,0.805631468638919,"BMD",0.898588945789564,"linear",">10%",-0.0574951978301661
"299","MIR_1249",0.120600762290268,0.541021689302892,0.222912989765091,0.823603226370906,"BMD",0.835834957455623,"logistic","5-10%",1.1281744126764
"154","MIR_302C_3P",-0.0788758887022507,0.356852666986191,-0.221032084104623,0.825077658487653,"BMD",0.916689704094972,"linear",">10%",-0.0788758887022507
"263","MIR_758",0.0616614680485454,0.284072904743318,0.217062123908865,0.828181732665112,"BMD",0.916689704094972,"linear",">10%",0.0616614680485454
"192","MIR_376C",0.112000107584228,0.541899036023958,0.206680765490928,0.836309029593119,"BMD",0.921719775709574,"linear",">10%",0.112000107584228
"44","MIR_1291_B1",-0.0538923736304945,0.265376696453725,-0.203078771989657,0.83908283030113,"BMD",0.921719775709574,"linear",">10%",-0.0538923736304945
"83","MIR_17_3P",0.058130022848299,0.305313979948498,0.190394238934309,0.849028174428052,"BMD",0.929125172015604,"linear",">10%",0.058130022848299
"242","MIR_624_5P",0.058565294394836,0.321855548483985,0.181961425461491,0.855621158024486,"BMD",0.93282005950038,"linear",">10%",0.058565294394836
"187","MIR_373_3P",0.0870982691529466,0.528057912938298,0.16494075179804,0.869004307391107,"BMD",0.943862356342401,"linear",">10%",0.0870982691529466
"6","LET_7D_3P",0.0922189438091616,0.622479878083616,0.148147670400318,0.882254727565312,"BMD",0.954678623111718,"linear",">10%",0.0922189438091616
"174","MIR_339_5P",0.0353345823231493,0.273920128963599,0.128995931977839,0.897366528159872,"BMD",0.967421164187222,"linear",">10%",0.0353345823231493
"285","RNU48_A1",0.0165957183923905,0.140334894012708,0.118257960781212,0.905868403742456,"BMD",0.972736138009681,"linear",">10%",0.0165957183923905
"329","MIR_520F",-0.0670122047938989,0.576076988348258,-0.116325085273824,0.907394905392237,"BMD",0.916334756676889,"logistic","5-10%",0.935183787541741
"8","LET_7G_3P",0.025938561487865,0.244191486453659,0.106222218737292,0.915414640617736,"BMD",0.972736138009681,"linear",">10%",0.025938561487865
"135","MIR_25_3P",-0.0302514801097233,0.294480280816863,-0.102728372934881,0.918182998449323,"BMD",0.972736138009681,"linear",">10%",-0.0302514801097233
"280","MIR_99B_5P",0.0271594008642977,0.265453079076863,0.102313376656797,0.918512475477226,"BMD",0.972736138009681,"linear",">10%",0.0271594008642977
"20","MIR_1201",-0.0520497087345874,0.512178749306717,-0.101624108389975,0.919067937291905,"BMD",0.972736138009681,"linear",">10%",-0.0520497087345874
"199","MIR_423_5P",-0.0260496912206548,0.270606968538123,-0.0962639334876734,0.923315598557517,"BMD",0.973016181721667,"linear",">10%",-0.0260496912206548
"196","MIR_410",-0.0889913642115334,1.00111152354777,-0.0888925580400503,0.929178563611351,"BMD",0.973016181721667,"linear",">10%",-0.0889913642115334
"156","MIR_30A_5P",0.0184139976224257,0.223591362163366,0.0823555858520669,0.934367494963903,"BMD",0.973016181721667,"linear",">10%",0.0184139976224257
"4","LET_7B_5P",0.0288969754084222,0.352554277745107,0.0819646143375245,0.934678797508899,"BMD",0.973016181721667,"linear",">10%",0.0288969754084222
"124","MIR_219_1_3P",0.0139530017043675,0.190475781020375,0.0732534164166255,0.941613997995027,"BMD",0.973016181721667,"linear",">10%",0.0139530017043675
"33","MIR_1270",0.015075095126528,0.219506858652335,0.0686771029346497,0.945249890445195,"BMD",0.973016181721667,"linear",">10%",0.015075095126528
"249","MIR_636",-0.0569913115934374,0.843668201870333,-0.0675518070576715,0.946157626601755,"BMD",0.973016181721667,"linear",">10%",-0.0569913115934374
"76","MIR_154_5P",-0.0260423797363116,0.401709211552365,-0.0648289334358887,0.94832067910734,"BMD",0.973016181721667,"linear",">10%",-0.0260423797363116
"16","MIR_10A_5P",0.0284270534377218,0.448995879218107,0.0633125040862856,0.949529584231834,"BMD",0.973016181721667,"linear",">10%",0.0284270534377218
"235","MIR_589_5P",0.0118643490300075,0.213604479678834,0.0555435403220297,0.955708996280323,"BMD",0.975900031413006,"linear",">10%",0.0118643490300075
"208","MIR_483_3P",-0.0236535303001245,0.475650874401716,-0.0497287644638021,0.960348544608478,"BMD",0.977196764689328,"linear",">10%",-0.0236535303001245
"55","MIR_135A_5P",0.0152254944936836,0.385419505554142,0.0395036947385239,0.968494963359404,"BMD",0.982040347462333,"linear",">10%",0.0152254944936836
"18","MIR_1179",0.0114515523005937,0.421386561105969,0.0271758839924511,0.978326270450864,"BMD",0.985752501728581,"linear",">10%",0.0114515523005937
"328","MIR_511",0.0173250757219351,0.644188176235441,0.0268944329639528,0.97854393376411,"BMD",0.97854393376411,"logistic","5-10%",1.01747602532405
"239","MIR_614",0.0147155099169138,0.557462072549864,0.0263973293279025,0.978954208613212,"BMD",0.985752501728581,"linear",">10%",0.0147155099169138
"45","MIR_1291_B2",-0.001315004446578,0.262764258841447,-0.00500450271424272,0.996007227626466,"BMD",0.99663817012165,"linear",">10%",-0.001315004446578
"32","MIR_127_3P",-0.00117467084743837,0.278775546253434,-0.00421367965456511,0.99663817012165,"BMD",0.99663817012165,"linear",">10%",-0.00117467084743837
